Position,ShannonEntropy_WithGaps,ShannonEntropy_NoGaps,ConsensusResidue
1,0.9182958340544896,0.0,M
2,0.9182958340544896,0.0,K
3,0.9182958340544896,0.0,S
4,0.9182958340544896,0.0,Q
5,0.9182958340544896,0.0,P
6,0.9182958340544896,0.0,I
7,0.9182958340544896,0.0,S
8,0.9182958340544896,0.0,H
9,0.9182958340544896,0.0,P
10,0.9182958340544896,0.0,V
11,0.9182958340544896,0.0,Y
12,0.9182958340544896,0.0,P
13,0.9182958340544896,0.0,G
14,0.9182958340544896,0.0,T
15,0.9182958340544896,0.0,Y
16,0.9182958340544896,0.0,Y
17,0.9182958340544896,0.0,Y
18,0.9182958340544896,0.0,C
19,0.9182958340544896,0.0,L
20,0.9182958340544896,0.0,V
21,0.9182958340544896,0.0,P
22,1.584962500721156,1.0,M
23,1.584962500721156,1.0,S
24,1.584962500721156,1.0,A
25,0.0,0.0,M
26,0.9182958340544896,0.9182958340544896,K
27,0.9182958340544896,0.9182958340544896,R
28,0.9182958340544896,0.9182958340544896,S
29,0.9182958340544896,0.9182958340544896,L
30,0.9182958340544896,0.9182958340544896,G
31,0.0,0.0,L
32,0.9182958340544896,0.9182958340544896,S
33,0.9182958340544896,0.9182958340544896,D
34,0.9182958340544896,0.9182958340544896,C
35,0.0,0.0,L
36,0.0,0.0,W
37,0.0,0.0,A
38,0.0,0.0,W
39,1.584962500721156,1.584962500721156,I
40,0.0,0.0,L
41,0.0,0.0,L
42,0.0,0.0,L
43,1.584962500721156,1.584962500721156,S
44,0.9182958340544896,0.9182958340544896,T
45,0.0,0.0,L
46,0.0,0.0,T
47,0.9182958340544896,0.9182958340544896,G
48,0.0,0.0,R
49,0.0,0.0,S
50,0.0,0.0,Y
51,0.0,0.0,G
52,0.0,0.0,Q
53,0.9182958340544896,0.9182958340544896,P
54,0.0,0.0,S
55,0.9182958340544896,0.9182958340544896,L
56,0.0,0.0,Q
57,0.0,0.0,D
58,0.0,0.0,E
59,0.0,0.0,L
60,0.0,0.0,K
61,0.0,0.0,D
62,0.0,0.0,N
63,0.0,0.0,T
64,0.0,0.0,T
65,0.0,0.0,V
66,0.0,0.0,F
67,0.0,0.0,T
68,0.0,0.0,R
69,0.0,0.0,I
70,0.0,0.0,L
71,0.0,0.0,D
72,0.0,0.0,R
73,0.0,0.0,L
74,0.0,0.0,L
75,0.0,0.0,D
76,0.0,0.0,G
77,0.0,0.0,Y
78,0.0,0.0,D
79,0.0,0.0,N
80,0.0,0.0,R
81,0.0,0.0,L
82,0.0,0.0,R
83,0.0,0.0,P
84,0.0,0.0,G
85,0.0,0.0,L
86,0.0,0.0,G
87,0.0,0.0,E
88,0.0,0.0,R
89,0.0,0.0,V
90,0.0,0.0,T
91,0.0,0.0,E
92,0.0,0.0,V
93,0.0,0.0,K
94,0.0,0.0,T
95,0.0,0.0,D
96,0.0,0.0,I
97,0.0,0.0,F
98,0.0,0.0,V
99,0.0,0.0,T
100,0.0,0.0,S
101,0.0,0.0,F
102,0.0,0.0,G
103,0.0,0.0,P
104,0.0,0.0,V
105,0.0,0.0,S
106,0.0,0.0,D
107,0.0,0.0,H
108,0.0,0.0,D
109,0.0,0.0,M
110,0.0,0.0,E
111,0.0,0.0,Y
112,0.0,0.0,T
113,0.0,0.0,I
114,0.0,0.0,D
115,0.0,0.0,V
116,0.0,0.0,F
117,0.0,0.0,F
118,0.0,0.0,R
119,0.0,0.0,Q
120,0.0,0.0,S
121,0.0,0.0,W
122,0.0,0.0,K
123,0.0,0.0,D
124,0.0,0.0,E
125,0.0,0.0,R
126,0.0,0.0,L
127,0.0,0.0,K
128,0.0,0.0,F
129,0.0,0.0,K
130,0.0,0.0,G
131,0.0,0.0,P
132,0.0,0.0,M
133,0.0,0.0,T
134,0.0,0.0,V
135,0.0,0.0,L
136,0.0,0.0,R
137,0.0,0.0,L
138,0.0,0.0,N
139,0.0,0.0,N
140,0.0,0.0,L
141,0.0,0.0,M
142,0.0,0.0,A
143,0.0,0.0,S
144,0.0,0.0,K
145,0.0,0.0,I
146,0.0,0.0,W
147,0.0,0.0,T
148,0.0,0.0,P
149,0.0,0.0,D
150,0.0,0.0,T
151,0.0,0.0,F
152,0.0,0.0,F
153,0.0,0.0,H
154,0.0,0.0,N
155,0.0,0.0,G
156,0.0,0.0,K
157,0.0,0.0,K
158,0.0,0.0,S
159,0.0,0.0,V
160,0.0,0.0,A
161,0.0,0.0,H
162,0.0,0.0,N
163,0.0,0.0,M
164,0.0,0.0,T
165,0.0,0.0,M
166,0.0,0.0,P
167,0.0,0.0,N
168,0.0,0.0,K
169,0.0,0.0,L
170,0.0,0.0,L
171,0.0,0.0,R
172,0.0,0.0,I
173,0.0,0.0,T
174,0.0,0.0,E
175,0.0,0.0,D
176,0.0,0.0,G
177,0.0,0.0,T
178,0.0,0.0,L
179,0.0,0.0,L
180,0.0,0.0,Y
181,0.0,0.0,T
182,0.0,0.0,M
183,0.0,0.0,R
184,0.0,0.0,L
185,0.0,0.0,T
186,0.0,0.0,V
187,0.0,0.0,R
188,0.0,0.0,A
189,0.0,0.0,E
190,0.0,0.0,C
191,0.0,0.0,P
192,0.0,0.0,M
193,0.0,0.0,H
194,0.0,0.0,L
195,0.0,0.0,E
196,0.0,0.0,D
197,0.0,0.0,F
198,0.0,0.0,P
199,0.0,0.0,M
200,0.0,0.0,D
201,0.9182958340544896,0.9182958340544896,A
202,0.0,0.0,H
203,0.0,0.0,A
204,0.0,0.0,C
205,0.0,0.0,P
206,0.0,0.0,L
207,0.0,0.0,K
208,0.0,0.0,F
209,0.0,0.0,G
210,0.0,0.0,S
211,0.0,0.0,Y
212,0.0,0.0,A
213,0.0,0.0,Y
214,0.0,0.0,T
215,0.0,0.0,R
216,0.0,0.0,A
217,0.0,0.0,E
218,0.0,0.0,V
219,0.0,0.0,V
220,0.0,0.0,Y
221,0.0,0.0,E
222,0.0,0.0,W
223,0.0,0.0,T
224,0.0,0.0,R
225,0.0,0.0,E
226,0.0,0.0,P
227,0.0,0.0,A
228,0.0,0.0,R
229,0.0,0.0,S
230,0.0,0.0,V
231,0.0,0.0,V
232,0.0,0.0,V
233,0.0,0.0,A
234,0.0,0.0,E
235,0.0,0.0,D
236,0.0,0.0,G
237,0.0,0.0,S
238,0.0,0.0,R
239,0.0,0.0,L
240,0.0,0.0,N
241,0.0,0.0,Q
242,0.0,0.0,Y
243,0.0,0.0,D
244,0.0,0.0,L
245,0.0,0.0,L
246,0.0,0.0,G
247,0.0,0.0,Q
248,0.0,0.0,T
249,0.0,0.0,V
250,0.0,0.0,D
251,0.0,0.0,S
252,0.0,0.0,G
253,0.0,0.0,I
254,0.0,0.0,V
255,0.0,0.0,Q
256,0.0,0.0,S
257,0.0,0.0,S
258,0.0,0.0,T
259,0.0,0.0,G
260,0.0,0.0,E
261,0.0,0.0,Y
262,0.0,0.0,V
263,0.0,0.0,V
264,0.0,0.0,M
265,0.0,0.0,T
266,0.0,0.0,T
267,0.0,0.0,H
268,0.0,0.0,F
269,0.0,0.0,H
270,0.0,0.0,L
271,0.0,0.0,K
272,0.0,0.0,R
273,0.0,0.0,K
274,0.0,0.0,I
275,0.0,0.0,G
276,0.0,0.0,Y
277,0.0,0.0,F
278,0.0,0.0,V
279,0.0,0.0,I
280,0.0,0.0,Q
281,0.0,0.0,T
282,0.0,0.0,Y
283,0.0,0.0,L
284,0.0,0.0,P
285,0.0,0.0,C
286,0.0,0.0,I
287,0.0,0.0,M
288,0.0,0.0,T
289,0.0,0.0,V
290,0.0,0.0,I
291,0.0,0.0,L
292,0.0,0.0,S
293,0.0,0.0,Q
294,0.0,0.0,V
295,0.0,0.0,S
296,0.0,0.0,F
297,0.0,0.0,W
298,0.0,0.0,L
299,0.0,0.0,N
300,0.0,0.0,R
301,0.0,0.0,E
302,0.0,0.0,S
303,0.0,0.0,V
304,0.0,0.0,P
305,0.0,0.0,A
306,0.0,0.0,R
307,0.0,0.0,T
308,0.0,0.0,V
309,0.0,0.0,F
310,0.0,0.0,G
311,0.0,0.0,V
312,0.0,0.0,T
313,0.0,0.0,T
314,0.0,0.0,V
315,0.0,0.0,L
316,0.0,0.0,T
317,0.0,0.0,M
318,0.0,0.0,T
319,0.0,0.0,T
320,0.0,0.0,L
321,0.0,0.0,S
322,0.0,0.0,I
323,0.0,0.0,S
324,0.0,0.0,A
325,0.0,0.0,R
326,0.0,0.0,N
327,0.0,0.0,S
328,0.0,0.0,L
329,0.0,0.0,P
330,0.0,0.0,K
331,0.0,0.0,V
332,0.0,0.0,A
333,0.0,0.0,Y
334,0.0,0.0,A
335,0.0,0.0,T
336,0.0,0.0,A
337,0.0,0.0,M
338,0.0,0.0,D
339,0.0,0.0,W
340,0.0,0.0,F
341,0.0,0.0,I
342,0.0,0.0,A
343,0.0,0.0,V
344,0.0,0.0,C
345,0.0,0.0,Y
346,0.0,0.0,A
347,0.0,0.0,F
348,0.0,0.0,V
349,0.0,0.0,F
350,0.0,0.0,S
351,0.0,0.0,A
352,0.0,0.0,L
353,0.0,0.0,I
354,0.0,0.0,E
355,0.0,0.0,F
356,0.0,0.0,A
357,0.0,0.0,T
358,0.0,0.0,V
359,0.0,0.0,N
360,0.0,0.0,Y
361,0.0,0.0,F
362,0.0,0.0,T
363,0.0,0.0,K
364,0.0,0.0,R
365,0.0,0.0,G
366,0.0,0.0,Y
367,0.0,0.0,A
368,0.0,0.0,W
369,0.0,0.0,D
370,0.0,0.0,G
371,0.0,0.0,K
372,0.0,0.0,S
373,0.0,0.0,V
374,0.0,0.0,V
375,0.0,0.0,P
376,0.0,0.0,E
377,0.0,0.0,K
378,0.0,0.0,P
379,0.0,0.0,K
380,0.0,0.0,K
381,0.0,0.0,V
382,0.0,0.0,K
383,0.0,0.0,D
384,0.0,0.0,P
385,0.0,0.0,L
386,0.0,0.0,I
387,0.0,0.0,K
388,0.0,0.0,K
389,0.0,0.0,N
390,0.0,0.0,N
391,0.0,0.0,T
392,0.0,0.0,Y
393,0.9182958340544896,0.9182958340544896,A
394,0.9182958340544896,0.9182958340544896,P
395,0.9182958340544896,0.9182958340544896,T
396,0.0,0.0,A
397,0.0,0.0,T
398,0.0,0.0,S
399,0.0,0.0,Y
400,0.0,0.0,T
401,0.0,0.0,P
402,0.0,0.0,N
403,0.9182958340544896,0.9182958340544896,L
404,0.0,0.0,A
405,0.0,0.0,R
406,0.9182958340544896,0.0,G
407,0.0,0.0,D
408,0.0,0.0,P
409,0.0,0.0,G
410,0.0,0.0,L
411,0.0,0.0,A
412,0.0,0.0,T
413,0.0,0.0,I
414,0.0,0.0,A
415,0.0,0.0,K
416,0.0,0.0,S
417,0.0,0.0,A
418,0.0,0.0,T
419,0.0,0.0,I
420,0.0,0.0,E
421,0.0,0.0,P
422,0.0,0.0,K
423,0.0,0.0,E
424,0.0,0.0,V
425,0.0,0.0,K
426,0.0,0.0,P
427,0.0,0.0,E
428,0.0,0.0,T
429,0.0,0.0,K
430,0.0,0.0,P
431,0.9182958340544896,0.9182958340544896,P
432,0.0,0.0,E
433,0.0,0.0,P
434,0.0,0.0,K
435,0.0,0.0,K
436,0.0,0.0,T
437,0.0,0.0,F
438,0.0,0.0,N
439,0.0,0.0,S
440,0.0,0.0,V
441,0.0,0.0,S
442,0.0,0.0,K
443,0.0,0.0,I
444,0.0,0.0,D
445,0.0,0.0,R
446,0.0,0.0,L
447,0.0,0.0,S
448,0.0,0.0,R
449,0.0,0.0,I
450,0.0,0.0,A
451,0.0,0.0,F
452,0.0,0.0,P
453,0.0,0.0,L
454,0.0,0.0,L
455,0.0,0.0,F
456,0.0,0.0,G
457,0.0,0.0,I
458,0.0,0.0,F
459,0.0,0.0,N
460,0.0,0.0,L
461,0.0,0.0,V
462,0.0,0.0,Y
463,0.0,0.0,W
464,0.0,0.0,A
465,0.0,0.0,T
466,0.0,0.0,Y
467,0.0,0.0,L
468,0.0,0.0,N
469,0.0,0.0,R
470,0.0,0.0,E
471,0.0,0.0,P
472,0.0,0.0,Q
473,0.0,0.0,L
474,0.0,0.0,K
475,0.0,0.0,A
476,0.0,0.0,P
477,0.0,0.0,T
478,0.0,0.0,P
479,0.0,0.0,H
480,0.0,0.0,Q
